"HttpPath","RouteFile","ExternalRefs"
"/api/admin/categories/[id]","C:\Users\hugol\OneDrive\Documentos\Proyectos\Aplicaciones\dance-school-hub\backend\app\api\admin\categories\[id]\route.ts","0"
"/api/admin/classes/[id]","C:\Users\hugol\OneDrive\Documentos\Proyectos\Aplicaciones\dance-school-hub\backend\app\api\admin\classes\[id]\route.ts","0"
"/api/admin/disciplines/[id]","C:\Users\hugol\OneDrive\Documentos\Proyectos\Aplicaciones\dance-school-hub\backend\app\api\admin\disciplines\[id]\route.ts","0"
"/api/admin/enrollments/[id]/status","C:\Users\hugol\OneDrive\Documentos\Proyectos\Aplicaciones\dance-school-hub\backend\app\api\admin\enrollments\[id]\status\route.ts","0"
"/api/admin/events/[eventId]","C:\Users\hugol\OneDrive\Documentos\Proyectos\Aplicaciones\dance-school-hub\backend\app\api\admin\events\[eventId]\route.ts","0"
"/api/admin/events/[eventId]/publish","C:\Users\hugol\OneDrive\Documentos\Proyectos\Aplicaciones\dance-school-hub\backend\app\api\admin\events\[eventId]\publish\route.ts","0"
"/api/admin/events/[eventId]/sessions","C:\Users\hugol\OneDrive\Documentos\Proyectos\Aplicaciones\dance-school-hub\backend\app\api\admin\events\[eventId]\sessions\route.ts","0"
"/api/admin/events/[eventId]/sessions/[sessionId]","C:\Users\hugol\OneDrive\Documentos\Proyectos\Aplicaciones\dance-school-hub\backend\app\api\admin\events\[eventId]\sessions\[sessionId]\route.ts","0"
"/api/admin/events/[eventId]/sessions/[sessionId]/schedule","C:\Users\hugol\OneDrive\Documentos\Proyectos\Aplicaciones\dance-school-hub\backend\app\api\admin\events\[eventId]\sessions\[sessionId]\schedule\route.ts","0"
"/api/admin/events/[eventId]/sessions/[sessionId]/schedule/[id]","C:\Users\hugol\OneDrive\Documentos\Proyectos\Aplicaciones\dance-school-hub\backend\app\api\admin\events\[eventId]\sessions\[sessionId]\schedule\[id]\route.ts","0"
"/api/admin/events/[eventId]/sessions/[sessionId]/schedule/export-pdf","C:\Users\hugol\OneDrive\Documentos\Proyectos\Aplicaciones\dance-school-hub\backend\app\api\admin\events\[eventId]\sessions\[sessionId]\schedule\export-pdf\route.ts","0"
"/api/admin/events/[eventId]/sessions/[sessionId]/schedule/recalc-times","C:\Users\hugol\OneDrive\Documentos\Proyectos\Aplicaciones\dance-school-hub\backend\app\api\admin\events\[eventId]\sessions\[sessionId]\schedule\recalc-times\route.ts","0"
"/api/admin/events/[eventId]/sessions/[sessionId]/schedule/reorder","C:\Users\hugol\OneDrive\Documentos\Proyectos\Aplicaciones\dance-school-hub\backend\app\api\admin\events\[eventId]\sessions\[sessionId]\schedule\reorder\route.ts","0"
"/api/admin/events/[eventId]/sessions/reorder","C:\Users\hugol\OneDrive\Documentos\Proyectos\Aplicaciones\dance-school-hub\backend\app\api\admin\events\[eventId]\sessions\reorder\route.ts","0"
"/api/admin/events/[eventId]/unpublish","C:\Users\hugol\OneDrive\Documentos\Proyectos\Aplicaciones\dance-school-hub\backend\app\api\admin\events\[eventId]\unpublish\route.ts","0"
"/api/admin/events/helpers","C:\Users\hugol\OneDrive\Documentos\Proyectos\Aplicaciones\dance-school-hub\backend\app\api\admin\events\helpers\route.ts","0"
"/api/admin/exam-memberships","C:\Users\hugol\OneDrive\Documentos\Proyectos\Aplicaciones\dance-school-hub\backend\app\api\admin\exam-memberships\route.ts","0"
"/api/admin/exam-organizations","C:\Users\hugol\OneDrive\Documentos\Proyectos\Aplicaciones\dance-school-hub\backend\app\api\admin\exam-organizations\route.ts","0"
"/api/admin/exams","C:\Users\hugol\OneDrive\Documentos\Proyectos\Aplicaciones\dance-school-hub\backend\app\api\admin\exams\route.ts","0"
"/api/admin/exams/[id]","C:\Users\hugol\OneDrive\Documentos\Proyectos\Aplicaciones\dance-school-hub\backend\app\api\admin\exams\[id]\route.ts","0"
"/api/admin/exams/[id]/publish","C:\Users\hugol\OneDrive\Documentos\Proyectos\Aplicaciones\dance-school-hub\backend\app\api\admin\exams\[id]\publish\route.ts","0"
"/api/admin/exams/candidates","C:\Users\hugol\OneDrive\Documentos\Proyectos\Aplicaciones\dance-school-hub\backend\app\api\admin\exams\candidates\route.ts","0"
"/api/admin/exams/candidates/[candidateId]/certificate","C:\Users\hugol\OneDrive\Documentos\Proyectos\Aplicaciones\dance-school-hub\backend\app\api\admin\exams\candidates\[candidateId]\certificate\route.ts","0"
"/api/admin/exams/candidates/[candidateId]/grades","C:\Users\hugol\OneDrive\Documentos\Proyectos\Aplicaciones\dance-school-hub\backend\app\api\admin\exams\candidates\[candidateId]\grades\route.ts","0"
"/api/admin/exams/certificate-templates","C:\Users\hugol\OneDrive\Documentos\Proyectos\Aplicaciones\dance-school-hub\backend\app\api\admin\exams\certificate-templates\route.ts","0"
"/api/admin/exams/certificate-templates/[id]","C:\Users\hugol\OneDrive\Documentos\Proyectos\Aplicaciones\dance-school-hub\backend\app\api\admin\exams\certificate-templates\[id]\route.ts","0"
"/api/admin/exams/students/[studentId]/certifications","C:\Users\hugol\OneDrive\Documentos\Proyectos\Aplicaciones\dance-school-hub\backend\app\api\admin\exams\students\[studentId]\certifications\route.ts","0"
"/api/admin/exam-sessions","C:\Users\hugol\OneDrive\Documentos\Proyectos\Aplicaciones\dance-school-hub\backend\app\api\admin\exam-sessions\route.ts","0"
"/api/admin/exam-subscriptions/feature-matrix","C:\Users\hugol\OneDrive\Documentos\Proyectos\Aplicaciones\dance-school-hub\backend\app\api\admin\exam-subscriptions\feature-matrix\route.ts","0"
"/api/admin/exam-usage","C:\Users\hugol\OneDrive\Documentos\Proyectos\Aplicaciones\dance-school-hub\backend\app\api\admin\exam-usage\route.ts","0"
"/api/admin/exam-usage/checkout-session","C:\Users\hugol\OneDrive\Documentos\Proyectos\Aplicaciones\dance-school-hub\backend\app\api\admin\exam-usage\checkout-session\route.ts","0"
"/api/admin/incidents/[incidentId]","C:\Users\hugol\OneDrive\Documentos\Proyectos\Aplicaciones\dance-school-hub\backend\app\api\admin\incidents\[incidentId]\route.ts","0"
"/api/admin/invoices/[id]","C:\Users\hugol\OneDrive\Documentos\Proyectos\Aplicaciones\dance-school-hub\backend\app\api\admin\invoices\[id]\route.ts","0"
"/api/admin/payments/[id]","C:\Users\hugol\OneDrive\Documentos\Proyectos\Aplicaciones\dance-school-hub\backend\app\api\admin\payments\[id]\route.ts","0"
"/api/admin/portal/events/[id]/media","C:\Users\hugol\OneDrive\Documentos\Proyectos\Aplicaciones\dance-school-hub\backend\app\api\admin\portal\events\[id]\media\route.ts","0"
"/api/admin/portal/feed-posts/[id]","C:\Users\hugol\OneDrive\Documentos\Proyectos\Aplicaciones\dance-school-hub\backend\app\api\admin\portal\feed-posts\[id]\route.ts","0"
"/api/admin/portal/feed-posts/[id]/approve","C:\Users\hugol\OneDrive\Documentos\Proyectos\Aplicaciones\dance-school-hub\backend\app\api\admin\portal\feed-posts\[id]\approve\route.ts","0"
"/api/admin/portal/feed-posts/[id]/reject","C:\Users\hugol\OneDrive\Documentos\Proyectos\Aplicaciones\dance-school-hub\backend\app\api\admin\portal\feed-posts\[id]\reject\route.ts","0"
"/api/admin/portal/reports/[id]","C:\Users\hugol\OneDrive\Documentos\Proyectos\Aplicaciones\dance-school-hub\backend\app\api\admin\portal\reports\[id]\route.ts","0"
"/api/admin/pricing/categories/[id]","C:\Users\hugol\OneDrive\Documentos\Proyectos\Aplicaciones\dance-school-hub\backend\app\api\admin\pricing\categories\[id]\route.ts","0"
"/api/admin/pricing/rules/[id]","C:\Users\hugol\OneDrive\Documentos\Proyectos\Aplicaciones\dance-school-hub\backend\app\api\admin\pricing\rules\[id]\route.ts","0"
"/api/admin/receipts/batches/[id]/download","C:\Users\hugol\OneDrive\Documentos\Proyectos\Aplicaciones\dance-school-hub\backend\app\api\admin\receipts\batches\[id]\download\route.ts","0"
"/api/admin/receipts/payments/[paymentId]/download","C:\Users\hugol\OneDrive\Documentos\Proyectos\Aplicaciones\dance-school-hub\backend\app\api\admin\receipts\payments\[paymentId]\download\route.ts","0"
"/api/admin/rooms/[id]","C:\Users\hugol\OneDrive\Documentos\Proyectos\Aplicaciones\dance-school-hub\backend\app\api\admin\rooms\[id]\route.ts","0"
"/api/admin/schedule/[id]","C:\Users\hugol\OneDrive\Documentos\Proyectos\Aplicaciones\dance-school-hub\backend\app\api\admin\schedule\[id]\route.ts","0"
"/api/admin/students/[id]","C:\Users\hugol\OneDrive\Documentos\Proyectos\Aplicaciones\dance-school-hub\backend\app\api\admin\students\[id]\route.ts","0"
"/api/admin/students/[id]/classes","C:\Users\hugol\OneDrive\Documentos\Proyectos\Aplicaciones\dance-school-hub\backend\app\api\admin\students\[id]\classes\route.ts","0"
"/api/admin/students/joint-groups/[groupId]/members","C:\Users\hugol\OneDrive\Documentos\Proyectos\Aplicaciones\dance-school-hub\backend\app\api\admin\students\joint-groups\[groupId]\members\route.ts","0"
"/api/admin/students/joint-groups/[groupId]/members/[studentId]","C:\Users\hugol\OneDrive\Documentos\Proyectos\Aplicaciones\dance-school-hub\backend\app\api\admin\students\joint-groups\[groupId]\members\[studentId]\route.ts","0"
"/api/admin/teachers/[id]","C:\Users\hugol\OneDrive\Documentos\Proyectos\Aplicaciones\dance-school-hub\backend\app\api\admin\teachers\[id]\route.ts","0"
"/api/exams/[sessionId]/enroll","C:\Users\hugol\OneDrive\Documentos\Proyectos\Aplicaciones\dance-school-hub\backend\app\api\exams\[sessionId]\enroll\route.ts","0"
"/api/exams/[sessionId]/enrollments","C:\Users\hugol\OneDrive\Documentos\Proyectos\Aplicaciones\dance-school-hub\backend\app\api\exams\[sessionId]\enrollments\route.ts","0"
"/api/exams/[sessionId]/evaluations","C:\Users\hugol\OneDrive\Documentos\Proyectos\Aplicaciones\dance-school-hub\backend\app\api\exams\[sessionId]\evaluations\route.ts","0"
"/api/exams/[sessionId]/invite-school","C:\Users\hugol\OneDrive\Documentos\Proyectos\Aplicaciones\dance-school-hub\backend\app\api\exams\[sessionId]\invite-school\route.ts","0"
"/api/exams/[sessionId]/lifecycle","C:\Users\hugol\OneDrive\Documentos\Proyectos\Aplicaciones\dance-school-hub\backend\app\api\exams\[sessionId]\lifecycle\route.ts","0"
"/api/exams/analytics","C:\Users\hugol\OneDrive\Documentos\Proyectos\Aplicaciones\dance-school-hub\backend\app\api\exams\analytics\route.ts","0"
"/api/exams/audit","C:\Users\hugol\OneDrive\Documentos\Proyectos\Aplicaciones\dance-school-hub\backend\app\api\exams\audit\route.ts","0"
"/api/exams/available-for-school","C:\Users\hugol\OneDrive\Documentos\Proyectos\Aplicaciones\dance-school-hub\backend\app\api\exams\available-for-school\route.ts","0"
"/api/exams/certificates/[id]","C:\Users\hugol\OneDrive\Documentos\Proyectos\Aplicaciones\dance-school-hub\backend\app\api\exams\certificates\[id]\route.ts","0"
"/api/exams/certificates/generate","C:\Users\hugol\OneDrive\Documentos\Proyectos\Aplicaciones\dance-school-hub\backend\app\api\exams\certificates\generate\route.ts","0"
"/api/exams/certificates/jobs","C:\Users\hugol\OneDrive\Documentos\Proyectos\Aplicaciones\dance-school-hub\backend\app\api\exams\certificates\jobs\route.ts","0"
"/api/exams/certificates/jobs/tick","C:\Users\hugol\OneDrive\Documentos\Proyectos\Aplicaciones\dance-school-hub\backend\app\api\exams\certificates\jobs\tick\route.ts","0"
"/api/exams/notifications/status","C:\Users\hugol\OneDrive\Documentos\Proyectos\Aplicaciones\dance-school-hub\backend\app\api\exams\notifications\status\route.ts","0"
"/api/exams/notifications/trigger","C:\Users\hugol\OneDrive\Documentos\Proyectos\Aplicaciones\dance-school-hub\backend\app\api\exams\notifications\trigger\route.ts","0"
"/api/exams/results","C:\Users\hugol\OneDrive\Documentos\Proyectos\Aplicaciones\dance-school-hub\backend\app\api\exams\results\route.ts","0"
"/api/exams/results/[sessionId]","C:\Users\hugol\OneDrive\Documentos\Proyectos\Aplicaciones\dance-school-hub\backend\app\api\exams\results\[sessionId]\route.ts","0"
"/api/exams/roles","C:\Users\hugol\OneDrive\Documentos\Proyectos\Aplicaciones\dance-school-hub\backend\app\api\exams\roles\route.ts","0"
"/api/exams/upgrade-to-pro","C:\Users\hugol\OneDrive\Documentos\Proyectos\Aplicaciones\dance-school-hub\backend\app\api\exams\upgrade-to-pro\route.ts","0"
"/api/media/[id]","C:\Users\hugol\OneDrive\Documentos\Proyectos\Aplicaciones\dance-school-hub\backend\app\api\media\[id]\route.ts","0"
"/api/portal/exams/feed","C:\Users\hugol\OneDrive\Documentos\Proyectos\Aplicaciones\dance-school-hub\backend\app\api\portal\exams\feed\route.ts","0"
"/api/public/branding/[tenantSlug]","C:\Users\hugol\OneDrive\Documentos\Proyectos\Aplicaciones\dance-school-hub\backend\app\api\public\branding\[tenantSlug]\route.ts","0"
"/api/public/ecosystem-stats","C:\Users\hugol\OneDrive\Documentos\Proyectos\Aplicaciones\dance-school-hub\backend\app\api\public\ecosystem-stats\route.ts","0"
"/api/public/exams/[examId]/register","C:\Users\hugol\OneDrive\Documentos\Proyectos\Aplicaciones\dance-school-hub\backend\app\api\public\exams\[examId]\register\route.ts","0"
"/api/public/form/[tenantSlug]","C:\Users\hugol\OneDrive\Documentos\Proyectos\Aplicaciones\dance-school-hub\backend\app\api\public\form\[tenantSlug]\route.ts","0"
"/api/public/integrations/[tenantSlug]/calendar","C:\Users\hugol\OneDrive\Documentos\Proyectos\Aplicaciones\dance-school-hub\backend\app\api\public\integrations\[tenantSlug]\calendar\route.ts","0"
"/api/public/integrations/[tenantSlug]/events","C:\Users\hugol\OneDrive\Documentos\Proyectos\Aplicaciones\dance-school-hub\backend\app\api\public\integrations\[tenantSlug]\events\route.ts","0"
"/api/public/integrations/oauth/config","C:\Users\hugol\OneDrive\Documentos\Proyectos\Aplicaciones\dance-school-hub\backend\app\api\public\integrations\oauth\config\route.ts","0"
"/api/public/portal/events/[id]/media","C:\Users\hugol\OneDrive\Documentos\Proyectos\Aplicaciones\dance-school-hub\backend\app\api\public\portal\events\[id]\media\route.ts","0"
"/api/public/portal/events/[id]/participants","C:\Users\hugol\OneDrive\Documentos\Proyectos\Aplicaciones\dance-school-hub\backend\app\api\public\portal\events\[id]\participants\route.ts","0"
"/api/public/portal/feed/[id]/like","C:\Users\hugol\OneDrive\Documentos\Proyectos\Aplicaciones\dance-school-hub\backend\app\api\public\portal\feed\[id]\like\route.ts","0"
"/api/public/portal/follow/[profileId]","C:\Users\hugol\OneDrive\Documentos\Proyectos\Aplicaciones\dance-school-hub\backend\app\api\public\portal\follow\[profileId]\route.ts","0"
"/api/public/portal/followers/[profileId]","C:\Users\hugol\OneDrive\Documentos\Proyectos\Aplicaciones\dance-school-hub\backend\app\api\public\portal\followers\[profileId]\route.ts","0"
"/api/public/portal/following/[profileId]","C:\Users\hugol\OneDrive\Documentos\Proyectos\Aplicaciones\dance-school-hub\backend\app\api\public\portal\following\[profileId]\route.ts","0"
"/api/public/portal/follow-school/[tenantId]","C:\Users\hugol\OneDrive\Documentos\Proyectos\Aplicaciones\dance-school-hub\backend\app\api\public\portal\follow-school\[tenantId]\route.ts","0"
"/api/public/portal/notifications/[id]/read","C:\Users\hugol\OneDrive\Documentos\Proyectos\Aplicaciones\dance-school-hub\backend\app\api\public\portal\notifications\[id]\read\route.ts","0"
"/api/public/portal/profiles/[profileId]","C:\Users\hugol\OneDrive\Documentos\Proyectos\Aplicaciones\dance-school-hub\backend\app\api\public\portal\profiles\[profileId]\route.ts","0"
"/api/public/portal/save/[itemType]/[itemId]","C:\Users\hugol\OneDrive\Documentos\Proyectos\Aplicaciones\dance-school-hub\backend\app\api\public\portal\save\[itemType]\[itemId]\route.ts","0"
"/api/public/portal/schools/[slug]","C:\Users\hugol\OneDrive\Documentos\Proyectos\Aplicaciones\dance-school-hub\backend\app\api\public\portal\schools\[slug]\route.ts","0"
"/api/public/portal/schools/[slug]/metrics","C:\Users\hugol\OneDrive\Documentos\Proyectos\Aplicaciones\dance-school-hub\backend\app\api\public\portal\schools\[slug]\metrics\route.ts","0"
"/api/public/portal/teachers/[id]","C:\Users\hugol\OneDrive\Documentos\Proyectos\Aplicaciones\dance-school-hub\backend\app\api\public\portal\teachers\[id]\route.ts","0"
"/api/public/schedule/[tenantSlug]","C:\Users\hugol\OneDrive\Documentos\Proyectos\Aplicaciones\dance-school-hub\backend\app\api\public\schedule\[tenantSlug]\route.ts","0"
"/api/public/schools/[slug]/metrics","C:\Users\hugol\OneDrive\Documentos\Proyectos\Aplicaciones\dance-school-hub\backend\app\api\public\schools\[slug]\metrics\route.ts","0"
"/api/public/schools/recommended","C:\Users\hugol\OneDrive\Documentos\Proyectos\Aplicaciones\dance-school-hub\backend\app\api\public\schools\recommended\route.ts","0"
"/api/public/schools/search","C:\Users\hugol\OneDrive\Documentos\Proyectos\Aplicaciones\dance-school-hub\backend\app\api\public\schools\search\route.ts","0"
"/api/public/schools/trending","C:\Users\hugol\OneDrive\Documentos\Proyectos\Aplicaciones\dance-school-hub\backend\app\api\public\schools\trending\route.ts","0"
"/api/school/photos/album/[albumId]","C:\Users\hugol\OneDrive\Documentos\Proyectos\Aplicaciones\dance-school-hub\backend\app\api\school\photos\album\[albumId]\route.ts","0"
"/api/school/posts/[id]","C:\Users\hugol\OneDrive\Documentos\Proyectos\Aplicaciones\dance-school-hub\backend\app\api\school\posts\[id]\route.ts","0"
"/api/schools/student-fields/[id]","C:\Users\hugol\OneDrive\Documentos\Proyectos\Aplicaciones\dance-school-hub\backend\app\api\schools\student-fields\[id]\route.ts","0"
"/api/student/attendance","C:\Users\hugol\OneDrive\Documentos\Proyectos\Aplicaciones\dance-school-hub\backend\app\api\student\attendance\route.ts","0"
"/api/student/enrollments/[id]/checkout","C:\Users\hugol\OneDrive\Documentos\Proyectos\Aplicaciones\dance-school-hub\backend\app\api\student\enrollments\[id]\checkout\route.ts","0"
"/api/student/events/[id]/attendance","C:\Users\hugol\OneDrive\Documentos\Proyectos\Aplicaciones\dance-school-hub\backend\app\api\student\events\[id]\attendance\route.ts","0"
"/api/student/exams","C:\Users\hugol\OneDrive\Documentos\Proyectos\Aplicaciones\dance-school-hub\backend\app\api\student\exams\route.ts","0"
"/api/student/payments/[paymentId]/receipt","C:\Users\hugol\OneDrive\Documentos\Proyectos\Aplicaciones\dance-school-hub\backend\app\api\student\payments\[paymentId]\receipt\route.ts","0"
"/api/teacher/classes/[classId]/students","C:\Users\hugol\OneDrive\Documentos\Proyectos\Aplicaciones\dance-school-hub\backend\app\api\teacher\classes\[classId]\students\route.ts","0"
